id,name,salary_from,salary_to,salary_currency,salary_avg,employer_name,employer_url,experience,employment,schedule,requirement,responsibility,published_at,url
131526946,Старший Python-разработчик,,350000.0,RUR,350000.0,МФК Фордевинд,https://api.hh.ru/employers/2568479,Более 6 лет,,,Опыт коммерческой разработки от 5 лет. Умение работать с системой контроля версий Git. Хорошее владение Python: умение писать чистый читаемый...,"Тестирование и отладка разработанного кода, ведение документации. Помощь в <highlighttext>разработке</highlighttext> backend-а микросервисных web-приложений. Участие в принятии технических решений...",2026-04-18T08:52:56+0300,https://hh.ru/vacancy/131526946
130522467,Middle+ / Senior Python разработчик,130000.0,290000.0,RUR,210000.0,RedLab,https://api.hh.ru/employers/4614421,Более 6 лет,,,"Коммерческий опыт разработки на Python от 3 лет (Senior — от 5). Отличное знание Python 3.8+, понимание асинхронного программирования...",<highlighttext>Разработка</highlighttext> backend-сервисов на <highlighttext>Python</highlighttext> с использованием современных фреймворков. Проектирование микросервисной архитектуры и API (REST/gRPC). Интеграция с внешними и...,2026-04-18T11:55:22+0300,https://hh.ru/vacancy/130522467
131799270,Python Developer Middle+,1800.0,4000.0,EUR,2900.0,AbeloHost B.V.,https://api.hh.ru/employers/9854481,От 3 до 6 лет,,,"Python 3.10+ (3+ лет коммерческого опыта). Уверенная работа с async (asyncio, httpx / aiohttp). Опыт разработки API (FastAPI). ",<highlighttext>Разработка</highlighttext> и поддержка сервисов на <highlighttext>Python</highlighttext> (FastAPI). Построение pipeline’ов сбора и обработки данных. Скрапинг текстовых и медиа-данных (HTML...,2026-04-18T00:28:37+0300,https://hh.ru/vacancy/131799270
132250027,Python-разработчик,180000.0,220000.0,RUR,200000.0,Sette,https://api.hh.ru/employers/12470862,От 3 до 6 лет,,,"Участие в разработке data/AI компонентов, включая RAG и LLM при наличии опыта. Требования: Опыт коммерческой разработки на Python от...",<highlighttext>Разработка</highlighttext> и развитие backend-сервисов на <highlighttext>Python</highlighttext>. Проектирование и реализация API (REST) и интеграций. Работа с высоконагруженной системой и сложной...,2026-04-17T17:37:22+0300,https://hh.ru/vacancy/132250027
132132477,Python-разработчик,,,,,Платформа Больших Данных,https://api.hh.ru/employers/5202841,От 3 до 6 лет,,,Уверенное владение Python 3.8+. Опыт разработки веб-приложений с использованием FastAPI или Django. Понимание микросервисной архитектуры и REST...,Рефакторинг и оптимизация существующих модулей. Участие в код-ревью и командной <highlighttext>разработке</highlighttext> по Git Flow. Участие в тестировании работы приложений.,2026-04-17T16:09:18+0300,https://hh.ru/vacancy/132132477
131840214,Программист Python,,,,,ВойсЛинк,https://api.hh.ru/employers/2584006,От 3 до 6 лет,,,"Опыт коммерческой разработки на Python от 3-х лет. -Понимание реляционных СУБД на базовом уровне, умение писать несложные SQL-запросы. -","Наша компания выполняет полный цикл работ по проектированию, <highlighttext>разработке</highlighttext> и внедрению IT решений для автоматизации управления транспортной инфраструктурой в масштабе...",2026-04-17T13:18:26+0300,https://hh.ru/vacancy/131840214
132236680,Python-разработчик,,,,,RDP.RU,https://api.hh.ru/employers/1710349,Более 6 лет,,,"Обязательно - python на уровне middle и java (как преимущество). Опыт в разработке: FastAPI, SQLAlcheny, requests, AsyncIO, Flask, python-iptables, IPRoute...",<highlighttext>Разработка</highlighttext> сервисов на <highlighttext>python</highlighttext> для агентов удалённого управления ОС embedded на базе дистрибутивов linux. <highlighttext>Разработка</highlighttext> и сопровождение ПО для установки...,2026-04-17T13:05:49+0300,https://hh.ru/vacancy/132236680
131176285,Senior Python developer,,,,,Платежное Решение,https://api.hh.ru/employers/10568027,Более 6 лет,,,Высокий уровень владения Python. Опыт от 3 лет коммерческой разработки в качестве разработчика ПО на крупных проектах. Опыт работы с...,"<highlighttext>Разработка</highlighttext> нового функционала и доработка существующего, тестирование и поддержка масштабируемого веб-приложения на <highlighttext>Python</highlighttext>. Участие в проектировании архитектуры приложений и...",2026-04-17T10:54:28+0300,https://hh.ru/vacancy/131176285
132232043,Разработчик Python,,,,,СБЕР,https://api.hh.ru/employers/3529,От 3 до 6 лет,,,Опыт коммерческой разработки на Python (от 3 лет). Владение инструментами контроля версий (Git). Знание паттернов и антипаттернов разработки и написания...,<highlighttext>Разработка</highlighttext> сервисов и библиотек для AI-агентов. Поддержка и развитие существующих сервисов. Проектирование детальной архитектуры и АPI для новых сервисов. ,2026-04-17T11:25:50+0300,https://hh.ru/vacancy/132232043
131928728,Python Developer,,,,,Домклик,https://api.hh.ru/employers/2136954,От 3 до 6 лет,,,"Опыт работы с MongoDB. Знание и желание применять паттерны SOLID, GRASP, CleanArchitecture и другие. Понимание алгоритмов, сложности работы функций и...","Реализовывать высоконагруженные и производительные сервисы на <highlighttext>Python</highlighttext>. Участвовать в проектировании архитектуры, выработке решений по отказоустойчивости и производительности. Интегрироваться с партнерами...",2026-04-16T18:16:35+0300,https://hh.ru/vacancy/131928728
131691586,Программист-разработчик,100000.0,120000.0,RUR,110000.0,НПК Атроник,https://api.hh.ru/employers/4470566,Нет опыта,,,...с системами контроля версий (git). Опыт разработки на одноплатных компьютерах. Опыт использования фреймворка Qt. Опыт разработки под Linux. Знание Python.,"Проектирование и <highlighttext>разработка</highlighttext> новых компонент автоматизированной информационной системы. Работа в текущем проекте, также принимать участие в <highlighttext>разработке</highlighttext> нового). ",2026-04-18T10:07:10+0300,https://hh.ru/vacancy/131691586
132250180,Middle backend developer / Python специалист,,,,,Brandquad,https://api.hh.ru/employers/2131829,От 3 до 6 лет,,,"Общий опыт коммерческой разработки от 3-х лет. Отличные знания Python. Опыт работы с Go. Опыт работы с DRF, Aiohttp...","Развитие системы сбора и подготовки данных (импорты, предварительные расчеты данных). Имплементация ETL, Data пайплайнов. Проектировать и реализовывать REST API для...",2026-04-17T17:44:21+0300,https://hh.ru/vacancy/132250180
130498143,Senior Python developer (Tantor XData),,,,,Группа компаний Астра,https://api.hh.ru/employers/5060211,Более 6 лет,,,Опыт работы с PostgreSQL в роли разработчика приложений. Понимание плюсов и минусов ORM. Написание unit/integration тестов (pytest). ,...в <highlighttext>разработке</highlighttext> технического дизайна и архитектуры. Взаимодействие с кросс-функциональными командами. <highlighttext>Разработка</highlighttext> и поддержка unit/integration тестов. Повышать стандарты <highlighttext>разработки</highlighttext>...,2026-04-17T16:40:19+0300,https://hh.ru/vacancy/130498143
129798611,Senior/Lead Python-разработчик,,,,,KTS,https://api.hh.ru/employers/3202190,Более 6 лет,,,"Имеешь от 5 лет коммерческого опыта с Python, asyncio и aiohttp. Уверенно работаешь с SQLAlchemy и, при необходимости, пишешь сырые...",Автоматизируем сложные бизнес-процессы. Запускаем высоконагруженные веб-сервисы. Развиваем собственную школу <highlighttext>разработки</highlighttext>.,2026-04-17T20:26:38+0300,https://hh.ru/vacancy/129798611
131953738,Ведущий разработчик (Python),,,,,Мультифактор,https://api.hh.ru/employers/5042196,От 3 до 6 лет,,,"Практический опыт использования Docker для разработки, тестирования и развёртывания сервисов. Отличное знание Python, опыт промышленной разработки. Знание языков программирования С...","...проектирование и <highlighttext>разработка</highlighttext> механизмов доверия между доменами, включая Forest Trusts и External Trusts. Интеграция с Windows-инфраструктурой: <highlighttext>разработка</highlighttext> сервисов и...",2026-04-17T13:47:27+0300,https://hh.ru/vacancy/131953738
132238152,Python Backend разработчик,,,,,"ГРЧЦ, ФГУП",https://api.hh.ru/employers/30485,От 1 года до 3 лет,,,"Опыт работы в аналогичной должности от 1 года. Опыт работы с асинхронным Python 3.6-3.10, PostgreSQL, RabbitMQ. ","<highlighttext>Разработка</highlighttext> бекэнд для автоматизированных систем, направленных на мониторинг информационного пространства. Доработка и автоматизация уже существующих систем. Системы построены по принципу...",2026-04-17T13:38:12+0300,https://hh.ru/vacancy/132238152
132201064,Python developer,,,,,ИЦ АЙ-ТЕКО,https://api.hh.ru/employers/872178,От 3 до 6 лет,,,"Высшее образование, опыт 4+. Опыт: linux, bash, python, postgres, redis. А так же: Python 3.9+ (уверенное знание...","SQL (сложные запросы, агрегации, работа с большими таблицами). Работа с данными:",2026-04-16T13:00:20+0300,https://hh.ru/vacancy/132201064
132236150,Middle Python разработчик,,250000.0,RUR,250000.0,IMOT.IO,https://api.hh.ru/employers/10537564,От 3 до 6 лет,,,"...коммерческой разработки на Python 3 от 3-х лет, а также: Опыт работы с асинхронным кодом (asyncio). Опыт разработки на...","Тебе предстоит заниматься <highlighttext>разработкой</highlighttext> бизнес-логики сервиса по аналитике приемов врачей, интеграций со сторонними сервисами (МИС, CRM, АТС, мессенджеры и...",2026-04-17T12:54:38+0300,https://hh.ru/vacancy/132236150
132153593,Senior Backend Engineer (Python / Django),250000.0,350000.0,RUR,300000.0,ЭКСПОМАП,https://api.hh.ru/employers/135549,От 3 до 6 лет,,,"Опыт управления AI-агентами для разработки и использование ролей и контрактов. Опыт работы в проектах с широким технологическим стеком, где...","Проводить PR-review. Пополнять спецификации и рамки для <highlighttext>разработки</highlighttext> с помощью AI-агентов. Прямое влияние на продукт и архитектуру, возможность...",2026-04-18T10:16:46+0300,https://hh.ru/vacancy/132153593
131436064,Senior ML/CV/LLM инженер-программист (C++/Python/анализ CAD-данных),300000.0,350000.0,RUR,325000.0,Про.Потолок,https://api.hh.ru/employers/10251698,От 3 до 6 лет,,,"Оконченное высшее профильное образование или архитектурно-строительное (обязательно). Подтвержденный опыт разработки от 5 лет. Глубокое понимание паттернов проектирования, алгоритмов и...",Интеграция алгоритмов машинного обучения и компьютерного зрения для анализа инженерных чертежей. <highlighttext>Разработка</highlighttext> высокопроизводительных модулей на C++ с возможностью использования <highlighttext>Python</highlighttext>...,2026-04-18T09:49:13+0300,https://hh.ru/vacancy/131436064
132227367,Senior Python разработчик,,,,,СБЕР,https://api.hh.ru/employers/3529,Более 6 лет,,,Опыт коммерческой разработки на Python от 4 лет. Хорошее знание FastAPI / Flask / Django REST Framework. Опыт работы с SQL и...,"<highlighttext>Разработка</highlighttext> и развитие backend сервисов на <highlighttext>Python</highlighttext> и поискового индекса. Интеграции с различными источниками данных (базы, стриминговые системы, аналитические движки...",2026-04-17T10:01:30+0300,https://hh.ru/vacancy/132227367
131621248,Python-разработчик/ML-инженер,,300000.0,RUR,300000.0,Вычислительные решения,https://api.hh.ru/employers/3757107,От 3 до 6 лет,,,"Знание алгоритмов машинного обучения, принципов функционирования нейросетей, их современных архитектур. Опыт разработки приложений AI/ML на Python для текстовых/графических...",Взаимодействие с сервисами через REST API. <highlighttext>Разработка</highlighttext> и тестирование кода на <highlighttext>Python</highlighttext> в рамках ML- и ETL-процессов. ,2026-04-17T16:15:23+0300,https://hh.ru/vacancy/131621248
131939359,Python-разработчик (fullstack),,,,,ИД ПАНОРАМА,https://api.hh.ru/employers/538772,От 3 до 6 лет,,,"Подтверждённый опыт разработки на Python/Django. Хорошее знание Vue.js/Nuxt.js. Опыт интеграции со сторонними API (REST, SOAP, Webhooks), особенно с...","Бэкенд: Django (<highlighttext>Python</highlighttext>). Фронтенд: Nuxt (Vue.js). База данных: PostgreSQL. Доработка личных кабинетов (покупатель, художник, галерея). Реализация функционала корзины и оформления...",2026-04-17T09:29:28+0300,https://hh.ru/vacancy/131939359
131788518,Бэкэнд-разработчик на Python,,,,,Йолка,https://api.hh.ru/employers/11336922,От 3 до 6 лет,,,"Опыт коммерческой разработки на Python. Понимание FastAPI и Pydantic (валидация данных, сериализация). Умение работать с асинхронностью в Python. ",Yolka E-com — сервис для обработки грузов в электронной коммерции. <highlighttext>Разработка</highlighttext> и поддержка API на FastAPI. Создание и развитие Telegram...,2026-04-17T14:59:17+0300,https://hh.ru/vacancy/131788518
131268365,Ведущий Python (PyTorch) разработчик,,,,,ИТ-Экспертиза,https://api.hh.ru/employers/3073329,Более 6 лет,,,Опыт коммерческой разработки на Python (3.8+) от 5 лет. Глубокие знания PyTorch и опыт работы с deep learning. ,"<highlighttext>Разработка</highlighttext> AI-ассистентов и AI-сервисов на базе LLM для внутренних и клиентских продуктов. Интеграция облачных LLM, настройка prompt engineering...",2026-04-17T13:06:32+0300,https://hh.ru/vacancy/131268365
130605319,Python разработчик (Software Engineer),,400000.0,RUR,400000.0,Консалт Плюс,https://api.hh.ru/employers/9904744,От 3 до 6 лет,,,"Уверенное владение Python 3.11+. Опыт работы с FastAPI, SQLAlchemy, Docker, Git, Linux. Понимание архитектурных паттернов: CQRS, Saga, Event...","Разрабатывать и улучшать микросервисы (FastAPI, SQLAlchemy, DDD, CDC). Автоматизировать потоки данных и процессы через Apache Airflow. Работать с большими данными...",2026-04-17T12:51:38+0300,https://hh.ru/vacancy/130605319
120818643,Python Developer (Infrastructure),,,,,Леста Игры,https://api.hh.ru/employers/856498,От 3 до 6 лет,,,...проектах по разработке высоконагруженных и микросервисных систем по полному циклу разработки. Опыт реверс инжиниринга сетевых протоколов. Опыт менеджмента командой разработки.,"Проектирование и <highlighttext>разработка</highlighttext> микросервисных приложений, чат-ботов, тулинга оперирования. Участие в проектировании и <highlighttext>разработке</highlighttext> автоматизации производственных процессов других команд. ",2026-04-16T15:12:31+0300,https://hh.ru/vacancy/120818643
132208098,Python/JS developer,,,,,"СНС, Группа компаний",https://api.hh.ru/employers/2671,От 1 года до 3 лет,,,"Уверенное знание Python и Django, понимание структуры web-приложений, middleware, views/controllers. Опыт разработки REST API и работы с JSON...","<highlighttext>Разработка</highlighttext> и поддержка backend web-приложения управления оборудованием, и API на Django. <highlighttext>Разработка</highlighttext> программных модулей управления платами (двигатели, датчики), сканерами...",2026-04-16T15:15:01+0300,https://hh.ru/vacancy/132208098
132210140,Python-разработчик,300000.0,350000.0,RUR,325000.0,GreenCore,https://api.hh.ru/employers/12616951,Более 6 лет,,,"От 5 лет коммерческого опыта разработки на Python. Опыт в финтехе или банковской сфере. Глубокое знание Python 3, опыт работы...","Проектировать и разрабатывать ключевые компоненты высоконагруженной банковской системы. Организовывать и поддерживать процессы <highlighttext>разработки</highlighttext>, внедрять лучшие практики. Писать качественный, поддерживаемый код...",2026-04-16T15:54:50+0300,https://hh.ru/vacancy/132210140
131673052,AI-разработчик (Python) Junior / Middle,,,,,СП Солюшен,https://api.hh.ru/employers/11545313,От 1 года до 3 лет,,,"2) Сильный backend-разработчик, готовый работать в AI-first. — 1+ года Python в production, уверенное понимание backend-архитектуры. — ","...раньше выполнялись вручную. — работать автономно: задача → декомпозиция → реализация → деплой → мониторинг. Ежедневную работу над реальными backend-проектами на <highlighttext>Python</highlighttext>, GO, PHP.",2026-04-17T15:56:47+0300,https://hh.ru/vacancy/131673052
131981063,IT-разработчик,,,,,ИКС БИО ТЕХНОЛОДЖИ,https://api.hh.ru/employers/11941855,От 3 до 6 лет,,,Опыт 5+ лет в backend / fullstack разработке. Уверенная работа с Python / Node.js / Go (или аналогами). Глубокое понимание архитектуры высоконагруженных...,Проектирование архитектуры решения под бизнес-задачи. <highlighttext>Разработка</highlighttext> и развитие сети AI-агентов. Кастомизация и доработка функционала. Интеграция с внутренними и...,2026-04-18T11:06:26+0300,https://hh.ru/vacancy/131981063
130458289,Senior Python Developer (AI Backend),,,,,Бридж Тревел,https://api.hh.ru/employers/12483749,От 3 до 6 лет,,,"Python 3.11+ — senior-уровень (5+ лет в production). Async (asyncio, ASGI-фреймворк). PostgreSQL — схема, миграции, оптимизация. ","Backend на <highlighttext>Python</highlighttext>: REST API, webhook-обработка, маршрутизация запросов. Интеграции с LLM-провайдерами (OpenAI, Anthropic) — не промпт-инжиниринг, а инженерная...",2026-04-17T02:33:08+0300,https://hh.ru/vacancy/130458289
132193026,Python-разработчик,,,,,СБЕР,https://api.hh.ru/employers/3529,От 3 до 6 лет,,,"Сильный SQL - аналитические запросы, оптимизация, работа с большими объёмами данных. - Опыт работы с Apache Spark. - Опыт разработки ETL-пайплайнов. Плюсом. - ",Обязанности. - Проектирование и <highlighttext>разработка</highlighttext> AI-агента на LangGraph. - <highlighttext>Разработка</highlighttext> и сопровождение инструментов команды на <highlighttext>Python</highlighttext>. - <highlighttext>Разработка</highlighttext> и поддержка ETL-пайплайнов.,2026-04-16T10:44:31+0300,https://hh.ru/vacancy/132193026
132068859,Python-разработчик,110000.0,150000.0,RUR,130000.0,НПП МетаСофт Про,https://api.hh.ru/employers/11690748,Нет опыта,,,Уверенные знания Python. Знание принципов оптимизации вычислительных процессов. Навыки работы с большими объемами данных. Желание учиться и развиваться в новых...,"Использование существующего решения для выполнения плана построений. Написание нового функционала, оптимизация производительности системы. Активное взаимодействие с командой: участие в обсуждениях...",2026-04-16T10:45:53+0300,https://hh.ru/vacancy/132068859
131360090,Middle Backend Python Engineer,1800.0,4000.0,EUR,2900.0,AbeloHost B.V.,https://api.hh.ru/employers/9854481,От 3 до 6 лет,,,Коммерческий опыт разработки на Python 3+ года. Опыт разработки API на FastAPI. Хорошее понимание async Python (asyncio). ,<highlighttext>Разработка</highlighttext> REST API для работы с AI-моделями. Создание сервисов для inference. <highlighttext>Разработка</highlighttext> сервисов управления моделями. Интеграция с очередями задач. ,2026-04-18T00:55:58+0300,https://hh.ru/vacancy/131360090
132190896,Python-разработчик,,,,,Beorg,https://api.hh.ru/employers/43883,От 1 года до 3 лет,,,"Опыт работы с микросервисной архитектурой. Знание принципов тестирования (unit, integration). Опыт коммерческой разработки — от 1 года. Высшее техническое образование — приветствуется.","Поддержка и развитие web-платформы, по оцифровке документов с sla. Наш стек <highlighttext>Python</highlighttext>3, MySQL, MongoDB, RabbitMQ, Redis, связка монолита...",2026-04-16T10:06:40+0300,https://hh.ru/vacancy/132190896
131482630,Senior Software Python Developer,5000.0,7000.0,USD,6000.0,Trading Integral Solutions,https://api.hh.ru/employers/9544225,Более 6 лет,,,"At least 7 years of proven experience as a Python Developer, preferably in a senior or lead role. ","Design, <highlighttext>develop</highlighttext>, and maintain web applications using <highlighttext>Python</highlighttext>. Write efficient, reusable, and testable code following best practices and coding standards. ",2026-04-16T18:21:13+0300,https://hh.ru/vacancy/131482630
127823534,Инженер-программист аналитики автопилота (Python),,,,,Эвокарго,https://api.hh.ru/employers/4751605,От 3 до 6 лет,,,"Опыт разработки Python-приложений с использованием современных практик (контроль версий в git, менеджеры зависимостей типа poetry или uv, пакетирование в...",Развитие системы доставки метрик технической аналитики (из автопилота в Prometheus/VictoriaMetrics и Clickhouse на стороне инфраструктуры). <highlighttext>Разработка</highlighttext> системы анализа исторических...,2026-04-17T12:47:38+0300,https://hh.ru/vacancy/127823534
126825379,Инженер-программист инфраструктуры автопилота (Python),,,,,Эвокарго,https://api.hh.ru/employers/4751605,От 3 до 6 лет,,,Умение оформить средний проект на Python по канонам современных практик для публикации в PyPI-индекс. Наши ценности: Трудоёмкие операции автоматизируем...,<highlighttext>Разработка</highlighttext> системы запуска автопилота. Рефакторинг под переезд на ROS 2. <highlighttext>Разработка</highlighttext> системы конфигурирования автопилота. Заниматься иными смежными задачами при взаимодействии...,2026-04-17T12:47:42+0300,https://hh.ru/vacancy/126825379
131430514,Backend Python Developer (FastAPI),,220000.0,RUR,220000.0,evrone.ru,https://api.hh.ru/employers/598471,От 3 до 6 лет,,,"Web, Backend, Python. 6 и более лет. FastAPI, MessageQ, Tests. Возможность подтвердить реальность опыта в резюме.","Задачи оцениваются в часах, есть выстроенный процесс <highlighttext>разработки</highlighttext> и поставки (gitflow, cicd, etc). Стек: <highlighttext>Python</highlighttext>, FastAPI, SQLAlchemy (легаси на Django...",2026-04-16T18:08:43+0300,https://hh.ru/vacancy/131430514
131833967,Senior Python Developer,200000.0,400000.0,RUR,300000.0,GO Digital,https://api.hh.ru/employers/3569516,Более 6 лет,,,Опыт коммерческой разработки на Python от 6 лет. Опыт работы с FastAPI или Litestar (Starlite). Уверенное понимание async-подхода (asyncio...,Ищем опытного <highlighttext>Python</highlighttext>-<highlighttext>разработчика</highlighttext> для работы над backend-сервисами: развитие существующих решений и <highlighttext>разработка</highlighttext> новых сервисов с нуля. ,2026-04-16T07:29:05+0300,https://hh.ru/vacancy/131833967
131818535,Python developer,,,,,Клауд Ком,https://api.hh.ru/employers/2400958,От 1 года до 3 лет,,,"Опыт коммерческой разработки от 2 лет. Знание Python. Опыт разработки DAGs на базе Apache Airflow (проектирование, поддержка, оптимизация). ",Разрабатывать и поддерживать бэкенд-логику приложений в рамках микросервисной архитектуры. Интегрироваться с внешними API и разрабатывать собственные. Работать с брокерами...,2026-04-15T13:25:35+0300,https://hh.ru/vacancy/131818535
131659932,Tech Lead / Руководитель команды разработки Python,400000.0,,RUR,400000.0,METASCAN,https://api.hh.ru/employers/3452369,Более 6 лет,,,"Опыт продуктовой разработки на Python3. Опыт работы с Django, DRF. Опыт работы с Celery. Опыт работы с MySQL, Elasticsearch. ",Участвовать в принятии архитектурных решений. Выстраивание процессов внутри команды <highlighttext>разработки</highlighttext>. Проведение 1-to-1 встреч с командой. Распределение нагрузки команды.,2026-04-17T12:02:29+0300,https://hh.ru/vacancy/131659932
132248480,AQA Python (СберОС),,,,,СБЕР,https://api.hh.ru/employers/3529,От 3 до 6 лет,,,"Git (rebase, cherry-pick, разрешение конфликтов). Опыт с PyAutoGUI / python-xlib, Xdotool / ydotool или аналоги. Docker/Podman, виртуализация (QEMU/KVM). ","<highlighttext>Разработка</highlighttext> и поддержка фреймворка автотестов на <highlighttext>Python</highlighttext> + pytest. Автоматизация GUI-сценариев для Linux desktop (клики, ввод, проверка окон и...",2026-04-17T16:50:41+0300,https://hh.ru/vacancy/132248480
131585867,Middle Python разработчик,,200000.0,RUR,200000.0,amoCRM,https://api.hh.ru/employers/999442,От 1 года до 3 лет,,,"Релевантный опыт backend-python разработчиком не менее 1,5 лет. Умение работы с системами сбора и хранения логов. ",Написание автоматизации для решения инцидентов в highload проекте. Работа с бекапами. Автоматизация работы отделов. Осуществлять Code-review других <highlighttext>разработчиков</highlighttext>. ,2026-04-16T16:27:09+0300,https://hh.ru/vacancy/131585867
131796294,Backend developer (Senior),250000.0,300000.0,RUR,275000.0,"Hello, Doc!",https://api.hh.ru/employers/4744797,Более 6 лет,,,Опыт работы с системами контроля версий (git). Опыт разработки бекенда на Python не менее 4х лет. Опыт работы с...,"<highlighttext>Разработка</highlighttext> нового функционала и поддержка старого в рамках своей команды. Отвечать за качество: покрывать код unittest, codereview, разбирать ошибки, troubleshooting. ",2026-04-17T18:11:39+0300,https://hh.ru/vacancy/131796294
132252472,Python/AI Engineer (GenAI),,,,,СБЕР,https://api.hh.ru/employers/3529,Более 6 лет,,,"Опыт. 3+ лет коммерческой разработки на Python с продакшн‑деплоем. Опыт разработки AI/LLM решений: RAG, AI‑агенты (мультиагентные...","Backend и производительность. <highlighttext>Разработка</highlighttext> и поддержка backend‑приложений на <highlighttext>Python</highlighttext> (FastAPI / Django / Flask). Оптимизация производительности сервисов (профилирование, кэширование, асинхронность). ",2026-04-17T19:16:40+0300,https://hh.ru/vacancy/132252472
132248435,Разработчик алгоритмов цифрового зрения на C++ и Python,100000.0,160000.0,RUR,130000.0,NVI Solutions LLC,https://api.hh.ru/employers/3891965,От 1 года до 3 лет,,,...Python: от 1 года либо pet-проект. Опыт работы с библиотекой OpenCV на C++. Знание docker. Понимание классического процесса разработки...,Внедрение обученных нейросетей в систему цифрового зрения. <highlighttext>Разработка</highlighttext> и ускорение алгоритмов цифрового зрения на C++ и <highlighttext>Python</highlighttext>. Профилирование работы системы...,2026-04-17T16:49:13+0300,https://hh.ru/vacancy/132248435
132196958,Разработчик Java/Python,,250000.0,RUR,250000.0,Bell Integrator,https://api.hh.ru/employers/6189,От 3 до 6 лет,,,Опыт в IT-разработке не ниже Middle. Знание Java и Python (для Python желательно владение специфичными инструментами - Pandas и др. ,,2026-04-16T11:50:00+0300,https://hh.ru/vacancy/132196958
132176906,Python-разработчик,,,,,Aston,https://api.hh.ru/employers/6093775,От 3 до 6 лет,,,опыт работы в роли Python Developer от 3-х лет. - наличие высшего технического образования. - уверенное знание Python 3.7+ . - ,"взаимодействовать с аналитиками, тестировщиками и фронтенд‑<highlighttext>разработчиками</highlighttext> на всех этапах <highlighttext>разработки</highlighttext>. - участвовать в подготовке и выпуске релизов, взаимодействовать со смежными...",2026-04-15T17:47:38+0300,https://hh.ru/vacancy/132176906
131383237,"Senior/Lead Python разработчик (AI, ML сервисы)",,,,,Клауд Солюшенс,https://api.hh.ru/employers/5807475,Более 6 лет,,,"Оконченное высшее образование в области информатики, математики, физики или смежных дисциплин. Опыт коммерческой разработки на Python (3.10 и выше...","<highlighttext>Разработка</highlighttext> архитектуры приложений, обеспечивающей масштабируемость, надежность и высокую производительность. Написание чистого, поддерживаемого и хорошо документированного кода на <highlighttext>Python</highlighttext>. ",2026-04-17T11:49:10+0300,https://hh.ru/vacancy/131383237
131866744,Python-разработчик,,,,,Газпромбанк,https://api.hh.ru/employers/3388,От 3 до 6 лет,,,"Опыт коммерческой разработки на Python 3.11+ от 3 лет. Опыт работы FastAPI, опыт построения RESTful API. ",<highlighttext>Разработка</highlighttext> и поддержка бэкенд-сервисов на <highlighttext>Python</highlighttext> для работы DataScience платформы. <highlighttext>Разработка</highlighttext> и поддержка генератора синтетических данных для последующего обучения...,2026-04-15T17:15:25+0300,https://hh.ru/vacancy/131866744
127028261,Senior Программист C,,,,,AERODISK,https://api.hh.ru/employers/2723603,Более 6 лет,,,Коммерческий опыт работы от 5 лет. Опыт системного программирования на C. Опыт системного программирования в одном из вариантов Linux/UNIX...,<highlighttext>Разработка</highlighttext> системного программного обеспечения: гибридная СХД; scale-out СХД c поддержкой серверной виртуализации; система мониторинга; внутренние инструменты <highlighttext>разработки</highlighttext>. <highlighttext>Разработка</highlighttext> уровня...,2026-04-18T10:06:47+0300,https://hh.ru/vacancy/127028261
131990661,Python Backend Developer,,,,,НССД,https://api.hh.ru/employers/5715926,От 3 до 6 лет,,,Высшее техническое образование. Опыт backend‑разработки от 3 лет (Python — FastAPI / Django). Архитектурное мышление: умение разложить бизнес‑задачу на технические...,"Развёртывание и настройка серверной инфраструктуры (Linux, Docker). Проектирование и обслуживание баз данных (PostgreSQL). <highlighttext>Разработка</highlighttext> и поддержка backend‑сервисов: API, очереди...",2026-04-15T13:57:27+0300,https://hh.ru/vacancy/131990661
132166224,Middle Python Developer,,,,,СБЕР,https://api.hh.ru/employers/3529,От 3 до 6 лет,,,"Уверенное владение Python 3.10+: asyncio, type hints, pydantic, pytest. Практический опыт работы с LLM API — OpenAI, Anthropic, GigaChain...","Разрабатывать и настраивать LLM-агентов: мультишаговые цепочки, tool use, управление памятью и состоянием. Строить RAG-пайплайны и подключать векторные БД...",2026-04-15T13:58:20+0300,https://hh.ru/vacancy/132166224
132245357,QA automation engineer (Python),,,,,АЙТИБАЛТИК,https://api.hh.ru/employers/5575282,От 3 до 6 лет,,,"Опыт работы в командах разработки от 3-х лет. 2. Опыт написания API автотестов на Python (Selenium, Pytest, Behave). 3. ",8. Понимать как устроена работа в кроссфункциональных командах <highlighttext>разработки</highlighttext>. - Возможность выбора перехода от проекта к проекту и перемещение между заказчиками.,2026-04-17T15:50:07+0300,https://hh.ru/vacancy/132245357
131263419,Python-разработчик,,,,,Bell Integrator Регионы,https://api.hh.ru/employers/10569584,От 3 до 6 лет,,,Опыт в построении ETL. Уверенные знания Python и опыт разработки с использованием pySpark. Опыт работы с python data фреймворками (Pandas...,Обязанности: Проектирование и реализация высоконагруженных распределённых решений на основе Apache Spark. <highlighttext>Разработка</highlighttext> batch и streaming ETL-процессов. Поддержка архитектуры корпоративных...,2026-04-15T14:36:17+0300,https://hh.ru/vacancy/131263419
132116886,Python Developer,,,,,Aston,https://api.hh.ru/employers/6093775,От 3 до 6 лет,,,Опыт разработки асинхронных приложений на Python. Понимание жизненного цикла разработки приложений в контексте Agile. Опыт разработки агентных систем с помощью...,"...всех этапах <highlighttext>разработки</highlighttext>. Участвовать в подготовке и выпуске релизов, взаимодействовать со смежными подразделениями. Документировать свою работу и наставлять джуниор-<highlighttext>разработчиков</highlighttext>.",2026-04-14T12:06:10+0300,https://hh.ru/vacancy/132116886
132084413,Backend-разработчик (Python / Django),,70000.0,RUR,70000.0,Клинкар,https://api.hh.ru/employers/4467470,От 3 до 6 лет,,,Опыт работы с Python и Django от 3 лет. Опыт работы с Django REST Framework (DRF). Знание реляционных баз данных...,"Внедрение новых API-интеграций с партнёрами. <highlighttext>Разработка</highlighttext> и поддержка сервисного слоя API. Оптимизация, рефакторинг и повышение производительности. Оптимизация запросов к...",2026-04-16T14:43:22+0300,https://hh.ru/vacancy/132084413
132150630,Python-разработчик,,230000.0,RUR,230000.0,BLS-Soft,https://api.hh.ru/employers/9199261,От 3 до 6 лет,,,"Уверенный Python: ООП, паттерны, аккуратная архитектура модулей. Коммерческий опыт backend-разработки от 4 лет. Практический опыт с FastAPI. ","Оценивать задачи, декомпозировать, предлагать технические решения и компромиссы. Плотно взаимодействовать с frontend-<highlighttext>разработчиками</highlighttext>, тестировщиками и аналитиками. Участвовать в проектировании архитектуры...",2026-04-15T09:29:57+0300,https://hh.ru/vacancy/132150630
131389812,Старший Python разработчик (кибербезопасность),,,,,BI.ZONE,https://api.hh.ru/employers/2367681,От 3 до 6 лет,,,"Опыт разработки на стеке Python >3.10. Опыт написания асинхронного кода. Знание основных шаблонов проектирования, структур данных и алгоритмов, умение...",<highlighttext>Разработкой</highlighttext> внутренних сервисов и утилит в компании. Проведением ревью кода. Планированием технических roadmap и распределением задач на <highlighttext>разработчиков</highlighttext>. ,2026-04-16T13:28:53+0300,https://hh.ru/vacancy/131389812
132198146,Python Developer (AI-агенты и LegalTech),,,,,СБЕР,https://api.hh.ru/employers/3529,От 3 до 6 лет,,,"Опыт коммерческой разработки на Python 3+ от 3 лет. Глубокое понимание асинхронного программирования, многопоточности и очередей сообщений. ","...<highlighttext>разработка</highlighttext> внутренних сервисов общения между агентами. Подключение векторных и поисковых движков (OpenSearch, Qdrant) для семантического поиска в юридических документах. <highlighttext>Разработка</highlighttext>...",2026-04-16T12:08:00+0300,https://hh.ru/vacancy/132198146
132201654,Backend-разработчик (Python/Go),,,,,АКРИХИН,https://api.hh.ru/employers/2371,От 1 года до 3 лет,,,"Опыт разработки, отладки, профилирования (в том числе легаси) на одном или нескольких языках: Golang/Python. Опыт коммерческой и командной разработки...",...существующих сервисов <highlighttext>Python</highlighttext> на Go. Покрывать код unit-тестами и документировать изменения. Активно участвовать в жизненном цикле <highlighttext>разработки</highlighttext> продукта. ,2026-04-16T13:09:38+0300,https://hh.ru/vacancy/132201654
131496973,Программист,170000.0,,RUR,170000.0,Рентген-Комплект,https://api.hh.ru/employers/9261591,От 1 года до 3 лет,,,"Документирования программных разработок. Использование различных инструментов отладки программ. Понимаете принципы разработки ПО, умеете создавать понятный, хорошо структурированный код. ",Отладка и тестирование программных модулей. Участие в <highlighttext>разработке</highlighttext> ПО для микроконтроллеров. Изучение и адаптация чужих кодов. Отладка ПО. ,2026-04-17T10:45:03+0300,https://hh.ru/vacancy/131496973
132215993,Middle/Senior Python разработчик ( Billing),,,,,EdgeЦентр,https://api.hh.ru/employers/6113620,От 3 до 6 лет,,,"Минимум 3 года опыта разработки на Python над продуктами с высокой нагрузкой. Глубокое понимание SQL, умение оптимизировать запросы. ",Разрабатывать и поддерживать бэкэнд-часть совместно с командой. Оптимизировать работу сервисов биллинга под нагрузкой. Работать с востребованными технологиями и инструментами...,2026-04-16T18:33:08+0300,https://hh.ru/vacancy/132215993
131423188,QA Python Automation Engineer,,,,,Marfatech,https://api.hh.ru/employers/5550364,От 3 до 6 лет,,,"Опыт разработки автотестов для UI (python, pytest, selenium). Опыт разработки автотестов для API (python, pytest, requests). Опыт администрирования bare metal...","Поддержка автотестов (6000+ api, 600+ ui). <highlighttext>Разработка</highlighttext> пайплайнов для CI (Jenkins, Gitlab CI). Участие в проектировании инфраструктуры. ",2026-04-17T10:35:19+0300,https://hh.ru/vacancy/131423188
92354865,Middle PHP Developer,200000.0,,RUR,200000.0,Perfect Panel,https://api.hh.ru/employers/2598384,От 1 года до 3 лет,,,Опыт коммерческой разработки от 2х лет. Уверенное владение PHP и одним из современных фреймворков. Опыт работы с Yii2...,"<highlighttext>Разработка</highlighttext> функций (фич): бизнес-логики, внутренних алгоритмов, обработки больших объемов данных, оптимизации производительности. Поддержка уже существующих функций (мы активно развиваемся...",2026-04-17T09:28:29+0300,https://hh.ru/vacancy/92354865
131070122,PHP-разработчик (middle/senior),200000.0,,RUR,200000.0,Школа рекламы,https://api.hh.ru/employers/4549753,От 3 до 6 лет,,,,На фоне клиентского интереса мы запускаем продукт для продвижения в Google и собираем команду инженеров. В основе продукта лежит технология...,2026-04-18T10:03:08+0300,https://hh.ru/vacancy/131070122
131813158,Программист Питон - Backend Developer Python,,,,,РетнНет,https://api.hh.ru/employers/578953,От 1 года до 3 лет,,,"Опыт коммерческой разработки на Python минимум 3 года. Опыт командной разработки с применением Agile методологии или процессных фремворков (Scrum, kanban...","Внутреннее внедрение CRM системы в качестве <highlighttext>разработчика</highlighttext>. <highlighttext>Разработка</highlighttext>, доработка и создание интеграционных модулей в рамках CRM-системы. Оптимизация бизнес-процессов...",2026-04-15T11:36:25+0300,https://hh.ru/vacancy/131813158
131885851,Middle Python-разработчик,,,,,amoCRM,https://api.hh.ru/employers/999442,От 1 года до 3 лет,,,"Имеешь коммерческий опыт от 1.5-х лет на Python. Имеешь опыт работы с AI-продуктами. Работал с Docker, k...","Разрабатывать и поддерживать production-ready код на <highlighttext>Python</highlighttext>. Работать с LangChain, интеграциями и инфраструктурой (Docker, k8s, ci/cd). ",2026-04-15T17:46:36+0300,https://hh.ru/vacancy/131885851
132064349,"Python разработчик (FastAPI) Middle+, Senior",200000.0,250000.0,RUR,225000.0,Компэл,https://api.hh.ru/employers/247,От 3 до 6 лет,,,...4 года) разработки на Python. Опыт развития ETL-процессов и улучшения устойчивости системы. Опыт применения современных практик разработки: TDD для...,"В нашей команде есть системные архитекторы, аналитики, backend- и frontend-<highlighttext>разработчики</highlighttext>, тестировщики, DevOps инженеры, менеджеры проектов и позитивные заказчики. ",2026-04-16T13:47:15+0300,https://hh.ru/vacancy/132064349
131952022,Lead Backend Developer (PHP),,,,,Платформа Трим,https://api.hh.ru/employers/10553941,Более 6 лет,,,"Опыт внедрения микросервисной или event-driven архитектуры. Опыт выстраивания процессов разработки (CI/CD, quality gates). Опыт работы с медиасервисами или...",Технологическое лидерство backend-направления: формирование стандартов <highlighttext>разработки</highlighttext> и best practices. Проектирование и развитие архитектуры высоконагруженного видеосервиса. Управление командой backend-<highlighttext>разработчиков</highlighttext>...,2026-04-17T13:10:14+0300,https://hh.ru/vacancy/131952022
131949393,Senior Backend Developer (PHP),,,,,Платформа Трим,https://api.hh.ru/employers/10553941,Более 6 лет,,,Высшее техническое образование. Отличное знание PHP 8.1 . Опыт работы от 3-х лет. Понимание алгоритмов и структур данных. ,Живое взаимодействие с командой. Быстрый обмен идеями и обратной связью. Оперативное решение задач. Что делает процесс <highlighttext>разработки</highlighttext> динамичным и увлекательным.,2026-04-17T12:18:19+0300,https://hh.ru/vacancy/131949393
132133224,Python developer (middle),,185000.0,RUR,185000.0,CORE,https://api.hh.ru/employers/1664868,От 3 до 6 лет,,,"Имеете опыт использования docker, k8s, prometheus, grafana, sentry. Знакомы с микросервисной архитектурой и умеете проектировать новые сервисы с...","Реализовывать высоконагруженные и производительные сервисы на <highlighttext>Python</highlighttext>. Участвовать в проектировании архитектуры, выработке решений по отказоустойчивости и производительности. Интегрироваться с партнерами...",2026-04-14T16:16:00+0300,https://hh.ru/vacancy/132133224
131904863,AI-разработчик (Python) Junior / Middle,,,,,Social Media Holding,https://api.hh.ru/employers/1669941,От 1 года до 3 лет,,,"2) Сильный backend-разработчик, готовый работать в AI-first. — 1+ года Python в production, уверенное понимание backend-архитектуры. — ","...раньше выполнялись вручную. — работать автономно: задача → декомпозиция → реализация → деплой → мониторинг. Ежедневную работу над реальными backend-проектами на <highlighttext>Python</highlighttext>, GO, PHP.",2026-04-16T11:08:51+0300,https://hh.ru/vacancy/131904863
132165571,Стажер-разработчик Python,,,,,Цитадель,https://api.hh.ru/employers/3707941,От 1 года до 3 лет,,,"Являешься в том числе студентом 3-4 курса бакалавриата, 1-2 курса магистратуры. Начальный опыт в Frontend (Vue, React), Backend...",<highlighttext>Разработка</highlighttext> Fullstack веб-приложения. Проектирование базы данных с помощью Django/SQLAlchemy. Покрытие кода unit-тестами. Написание документации по новым фичам...,2026-04-15T13:43:34+0300,https://hh.ru/vacancy/132165571
132165538,Стажер-разработчик Python,,,,,Цитадель,https://api.hh.ru/employers/3707941,От 1 года до 3 лет,,,"Являешься студентом 3-4 курса бакалавриата, 1-2 курса магистратуры или молодым специалистом 2023-2025 года выпуска. Начальный опыт в...",<highlighttext>Разработка</highlighttext> Fullstack веб-приложения. Проектирование базы данных с помощью Django/SQLAlchemy. Покрытие кода unit-тестами. Написание документации по новым фичам...,2026-04-15T13:43:09+0300,https://hh.ru/vacancy/132165538
131885864,Ведущий Python-разработчик,,,,,Лига Цифровой Экономики,https://api.hh.ru/employers/2733062,Более 6 лет,,,Опыт разработки Backend приложений (Python 3.>) от 5 лет. Уверенное владение базовыми архитектурными паттернами. Понимание асинхронной парадигмы программирования. ,"Проектировать и разрабатывать интеграционные системы на базе микросервисной архитектуры. Внедрять новые технологии, инструменты и методы <highlighttext>разработки</highlighttext>. Взаимодействовать с командой, поиск...",2026-04-15T13:10:16+0300,https://hh.ru/vacancy/131885864
132040136,AQA - автотестировщик ( Python),,200000.0,RUR,200000.0,Матчинг Гэлэкси,https://api.hh.ru/employers/5983826,От 3 до 6 лет,,,Опыт коммерческой работы в области тестирования ПО от 2 лет (уровень Middle). Уверенное знание Python и опыт применения его для...,"<highlighttext>Разработкой</highlighttext> и поддержкой тестовой документации: планов тестирования, тест-кейсов, чек-листов и матриц соответствия требований. <highlighttext>Разработкой</highlighttext>, поддержкой и выполнением автоматизированных...",2026-04-16T20:05:21+0300,https://hh.ru/vacancy/132040136
132157115,Python разработчик (Подписка),,,,,Литрес,https://api.hh.ru/employers/745654,От 3 до 6 лет,,,"Наши ожидания: Владение асинхронным Python и современным фреймворком веб-разработки на его основе (fastapi, aiohttp). Опыт разработки и проектирования функционала...","Наша команда работает над привлечением новых пользователей в подписные продукты и удержанием старых – вместе мы экспериментируем с тарифами, разрабатываем системы...",2026-04-15T11:11:58+0300,https://hh.ru/vacancy/132157115
132120652,Python-разработчик,,,,,СБЕР,https://api.hh.ru/employers/3529,От 3 до 6 лет,,,"Высшее техническое образование. Понимание принципов web разработки и микросервисной архитектуры. Опыт полного цикла разработки ПО. Самостоятельность, ответственность, умение работать в...",Проектировать и реализовывать backend слой агентной платформы. Разрабатывать обёртки и сервисы для запуска и управления AI агентами. Строить бизнес логику...,2026-04-14T13:05:48+0300,https://hh.ru/vacancy/132120652
132109803,Junior Python-developer,70000.0,,RUR,70000.0,Workmate,https://api.hh.ru/employers/11451145,Нет опыта,,,"Уверенные навыки написания кода на Python. - Знание REST API и одного из популярных веб-фреймворков (Django, FastAPI). - Опыт работы с...",Удобную систему постановки и контроля задач по Agile/SCRUM.,2026-04-14T10:16:15+0300,https://hh.ru/vacancy/132109803
131835749,"Senior Back-end Developer (Microservices, Python, Node.js, video streaming)",,,,,НПП ТехноЛаб,https://api.hh.ru/employers/4151541,Нет опыта,,,Опыт создания медиасервера (nginx RTMP/HLS/WebRTC). - Опыт интеропа Питона и Node.js. - Постороение синхронных и асинхронных методов взаимосвязи.,Технологии: - <highlighttext>Python</highlighttext> (Django) - портал мониторинга системы. - CI/CD: Gitlab CI. - <highlighttext>Разработка</highlighttext> back-end для системного портала. - <highlighttext>Разработка</highlighttext> микросервисовной архитектуры и...,2026-04-16T13:09:25+0300,https://hh.ru/vacancy/131835749
132112936,Python-разработчик,,,,,LYMpro,https://api.hh.ru/employers/3595584,От 1 года до 3 лет,,,"...владение Python (Middle+), ROS, ROS2. Опыт интеграции ПО с промышленными роботами будет большим преимуществом. Опыт коммерческой разработки на python...","<highlighttext>Разработка</highlighttext> программного обеспечения на языке <highlighttext>Python</highlighttext> для реализации кейсов с применением промышленных роботов KUKA, UNIVERSAL, HYUNDAI а также робособак UNITREE. ",2026-04-14T11:05:53+0300,https://hh.ru/vacancy/132112936
132256468,Инженер-программист (middle+) в ортодонтическую платформу,200000.0,,RUR,200000.0,Лалиев Никита Алексеевич,https://api.hh.ru/employers/10945663,От 1 года до 3 лет,,,"Практический опыт с AI-инструментами и coding agents в повседневной разработке. Интерес к 3D-графике, визуализации, медицинскому или dental...","Развиваем врачебный интерфейс - упрощаем ключевые сценарии, улучшаем мобильную работу. Проектируем переход на новое поколение 3D-визуализации и моделирования. ",2026-04-18T11:27:52+0300,https://hh.ru/vacancy/132256468
132109202,Python-разработчик,,,,,Колупаев Артём Игоревич,https://api.hh.ru/employers/10970452,Более 6 лет,,,...системное мышление и умение работать в команде. Плюсом будет: — Опыт управления командой разработки. — Опыт эффективного использования coding agents в разработке.,Проектировать и строить новые модули системы. — Принимать архитектурные решения и реализовывать их самостоятельно. — Переводить бизнес-процессы в продукт через диалог...,2026-04-14T10:08:21+0300,https://hh.ru/vacancy/132109202
131676613,Инженер-разработчик,,,,,Сенсорика-М,https://api.hh.ru/employers/604065,От 1 года до 3 лет,,,"Опыт программирования (C, C++, ...) (embedded разработка) и работы с ПО обработки данных (matlab, mathcad, python + numpy, ...). Инициативность. ","<highlighttext>Разработка</highlighttext> малошумящей низкочастотной (полоса сигнала DC … 100 kHz) аналоговой схемотехники, схем согласования разного типа датчиков с АЦП. <highlighttext>Разработка</highlighttext> цифровой системы...",2026-04-17T17:08:39+0300,https://hh.ru/vacancy/131676613
132174545,Middle Python Developer [МТС Веб Сервисы],,,,,МТС,https://api.hh.ru/employers/3776,От 3 до 6 лет,,,"Высшее техническое образование. Опыт в разработке приложений с использованием фреймворков (Django|FastAPI). Понимание структур данных и алгоритмов, оценки сложности. ","Написанием сервисов backend <highlighttext>python</highlighttext> (Django, FastAPI). Запуском и выполнением расчетных задач (Apache Airflow). Созданием и поддержкой алгоритмов (pandas, numpy).",2026-04-15T17:54:26+0300,https://hh.ru/vacancy/132174545
132195477,Python разработчик в команду AI агентов,,,,,СБЕР,https://api.hh.ru/employers/3529,От 3 до 6 лет,,,Опыт коммерческой разработки на Python (от 3 лет). Владение инструментами контроля версий (Git). Знание паттернов и антипаттернов разработки и написания...,<highlighttext>Разработка</highlighttext> сервисов и библиотек для AI агентов. Поддержка и развитие существующих сервисов. Проектирование детальной архитектуры и АPI для новых сервисов. ,2026-04-16T11:25:20+0300,https://hh.ru/vacancy/132195477
132176867,Python-разработчик (AI-агенты),,,,,СБЕР,https://api.hh.ru/employers/3529,От 1 года до 3 лет,,,"Знание принципов работы библиотек LangChain, LangGraph. Понимание паттернов и антипаттернов разработки, SOLID, DDD, архитектурных принципов. Знание принципов построения REST API. ","Реализовывать логику на <highlighttext>Python</highlighttext>, с использованием фреймворков (LangChain, LangGraph) для построения агентных систем, настраивать пайплайны взаимодействия с LLM (prompt engineering...",2026-04-15T17:46:10+0300,https://hh.ru/vacancy/132176867
128672697,Python Developer (системы защиты цифровых операций),,,,,Транснефть-Технологии,https://api.hh.ru/employers/2163044,От 3 до 6 лет,,,"Опыт коммерческой разработки на Python от 3-х лет. Опыт работы с базами данных (PostgreSQL, MS SQL, Clickhouse). Опыт разработки...","<highlighttext>Разработка</highlighttext>, внедрение высоконагруженных бэкенд-сервисов на <highlighttext>Python</highlighttext> для системы контроля товарно-коммерческих операций. Написание и оптимизация математических алгоритмов. ",2026-04-15T14:59:35+0300,https://hh.ru/vacancy/128672697
132238105,Middle QA Auto Python [МТС Веб Сервисы],,,,,МТС,https://api.hh.ru/employers/3776,От 3 до 6 лет,,,Высшее техническое образование. Опыт в автоматизации тестирования ПО на Python от 3х лет. Знание фреймворков для автоматизации тестирования – pytest...,Поддерживать текущую систему тестирования в актуальном состоянии. Участвовать на этапе проработки требований от заказчиков (формировать наборы тест-кейсов и тест...,2026-04-17T13:39:04+0300,https://hh.ru/vacancy/132238105
130661485,Инженер-программист,,100000.0,RUR,100000.0,Кадровое агентство Аспект,https://api.hh.ru/employers/172343,Нет опыта,,,Опыт коммерческой разработки. Владение основными принципами структурного и объективно-ориентированного программирования. Владение основными принципами проектирования информационных систем и реляционных баз...,"Настройка и администрирование физических и виртуальных серверов, сетевого оборудования. <highlighttext>Разработка</highlighttext> проектов АСУ ТП, составление спецификаций. Составление мнемосхем для SCADA систем...",2026-04-17T14:33:16+0300,https://hh.ru/vacancy/130661485
132214858,Python-разработчик в команду высокоточных цифровых дорожных карт,,,,,Navio,https://api.hh.ru/employers/5267014,От 3 до 6 лет,,,"Будет плюсом: Опыт работы с геометрическими и геоданными библиотеками Python (GDAL, Fiona, GeoPandas, QGIS Python API, arcpy). Знание ClickHouse, PostGIS...","Разрабатывать, поддерживать и развивать инструменты и плагины для геоинформационных систем (ГИС). Создавать инфраструктурные сервисы и фреймворки для подготовки и обработки...",2026-04-16T18:05:33+0300,https://hh.ru/vacancy/132214858
132241897,DWH разработчик,,,,,X5 Tech,https://api.hh.ru/employers/9352463,От 3 до 6 лет,,,"Понимание архитектуры MPP систем. Опыт работы с Greenplum, либо с другими MPP системами и отличное знание PostgreSQL. Опыт с архитектурой...","Анализ производительности, масштабирование существующих систем. Оптимизация SQL запросов и структур баз данных. <highlighttext>Разработка</highlighttext> процедур на языке PL/pgSQL. ",2026-04-17T14:44:46+0300,https://hh.ru/vacancy/132241897
131616625,Fullstack-разработчик,200000.0,250000.0,RUR,225000.0,ЭНТЕР Констракшн,https://api.hh.ru/employers/5790774,От 1 года до 3 лет,,,хорошее знание React и Next.js. - опыт поддержки или разработки приложений на React Native. - понимание frontend-архитектуры и интеграции с API. - ,понимание текущей кодовой базы и аккуратное продолжение <highlighttext>разработки</highlighttext> без нарушения стабильности системы. - участие в процессе handover от текущей outsourced-команды. - ,2026-04-17T14:38:45+0300,https://hh.ru/vacancy/131616625
131436337,Senior ML/LLM инженер-разработчик (Document AI),300000.0,350000.0,RUR,325000.0,Про.Потолок,https://api.hh.ru/employers/10251698,От 3 до 6 лет,,,"Требования к кандидату: Оконченное высшее профильное образование (обязательно). Подтвержденный опыт разработки от 5 лет. Глубокое понимание паттернов проектирования, алгоритмов и...","Интеграция LLM/ML для автоматического распознавания данных, форм и статусов. <highlighttext>Разработка</highlighttext> RAG-моделей и агентов для обработки данных пользователя. ",2026-04-18T10:51:35+0300,https://hh.ru/vacancy/131436337
131412427,QA Auto Python,,,,,Клируэй Текнолоджис,https://api.hh.ru/employers/1137609,От 3 до 6 лет,,,Опыт работы с фреймворком FastAPI. Разработка и внедрение системы мониторинга тестового покрытия для наглядной оценки качества и выявления «слепых зон». ,"E2E сценарии с использованием Playwright. Интеграционные тесты API (REST). Работа с базами данных (ClickHouse, PostgreSQL).",2026-04-16T11:47:24+0300,https://hh.ru/vacancy/131412427
131483378,Программист,,,,,Научно-Производственное Объединение Кайсант,https://api.hh.ru/employers/10932722,От 1 года до 3 лет,,,"Отличное знание одного или нескольких языков программирования: C++, Python, JavaScript, Go. Опыт низкоуровневой оптимизации и реализации эффективных решений на ограниченных...",Совместная работа с инженерами-механиками и специалистами по проектированию устройств. <highlighttext>Разработка</highlighttext> и поддержка программного обеспечения для космического оборудования. ,2026-04-16T19:04:03+0300,https://hh.ru/vacancy/131483378
131782842,Разработчик C++,,,,,Систематика Консалтинг,https://api.hh.ru/employers/3498856,От 3 до 6 лет,,,Опыт командной или продуктовой разработки. Опыт реализации проектов в роли архитектора приложения\ведущего программиста в крупных компаниях. Знание Python для...,"<highlighttext>Разработка</highlighttext> систем автоматизированного проектирования монолитных, гибридных интегральных микросхем, а также аналоговых микросхем в роли <highlighttext>разработчика</highlighttext> серверной и\или пользовательской частей...",2026-04-17T13:24:11+0300,https://hh.ru/vacancy/131782842
